{
	"partitions" : [
		{
			"name" : "Top",
			"pins" : [
				{
					"name" : "currentLights[0]",
					"strict" : false
				},
				{
					"name" : "currentLights[1]",
					"strict" : false
				},
				{
					"name" : "currentLights[2]",
					"strict" : false
				},
				{
					"name" : "currentLights[3]",
					"strict" : false
				},
				{
					"name" : "currentLights[4]",
					"strict" : false
				},
				{
					"name" : "currentLights[5]",
					"strict" : false
				},
				{
					"name" : "currentLights[6]",
					"strict" : false
				},
				{
					"name" : "currentLights[7]",
					"strict" : false
				},
				{
					"name" : "currentLights[8]",
					"strict" : false
				},
				{
					"name" : "currentLights[9]",
					"strict" : false
				},
				{
					"name" : "currentLights[10]",
					"strict" : false
				},
				{
					"name" : "currentLights[11]",
					"strict" : false
				},
				{
					"name" : "currentLights[12]",
					"strict" : false
				},
				{
					"name" : "currentLights[13]",
					"strict" : false
				},
				{
					"name" : "inputLights[0]",
					"strict" : false
				},
				{
					"name" : "inputLights[1]",
					"strict" : false
				},
				{
					"name" : "inputLights[2]",
					"strict" : false
				},
				{
					"name" : "inputLights[3]",
					"strict" : false
				},
				{
					"name" : "inputLights[4]",
					"strict" : false
				},
				{
					"name" : "inputLights[5]",
					"strict" : false
				},
				{
					"name" : "inputLights[6]",
					"strict" : false
				},
				{
					"name" : "inputLights[7]",
					"strict" : false
				},
				{
					"name" : "inputLights[8]",
					"strict" : false
				},
				{
					"name" : "inputLights[9]",
					"strict" : false
				},
				{
					"name" : "inputLights[10]",
					"strict" : false
				},
				{
					"name" : "inputLights[11]",
					"strict" : false
				},
				{
					"name" : "inputLights[12]",
					"strict" : false
				},
				{
					"name" : "inputLights[13]",
					"strict" : false
				},
				{
					"name" : "outputLights[0]",
					"strict" : false
				},
				{
					"name" : "outputLights[1]",
					"strict" : false
				},
				{
					"name" : "outputLights[2]",
					"strict" : false
				},
				{
					"name" : "outputLights[3]",
					"strict" : false
				},
				{
					"name" : "outputLights[4]",
					"strict" : false
				},
				{
					"name" : "outputLights[5]",
					"strict" : false
				},
				{
					"name" : "outputLights[6]",
					"strict" : false
				},
				{
					"name" : "outputLights[7]",
					"strict" : false
				},
				{
					"name" : "outputLights[8]",
					"strict" : false
				},
				{
					"name" : "outputLights[9]",
					"strict" : false
				},
				{
					"name" : "outputLights[10]",
					"strict" : false
				},
				{
					"name" : "outputLights[11]",
					"strict" : false
				},
				{
					"name" : "outputLights[12]",
					"strict" : false
				},
				{
					"name" : "outputLights[13]",
					"strict" : false
				},
				{
					"name" : "halfSec",
					"strict" : false
				},
				{
					"name" : "operationSwitch[3]",
					"strict" : false
				},
				{
					"name" : "operationSwitch[1]",
					"strict" : false
				},
				{
					"name" : "operationSwitch[2]",
					"strict" : false
				},
				{
					"name" : "operationSwitch[6]",
					"strict" : false
				},
				{
					"name" : "operationSwitch[4]",
					"strict" : false
				},
				{
					"name" : "operationSwitch[5]",
					"strict" : false
				},
				{
					"name" : "operationSwitch[9]",
					"strict" : false
				},
				{
					"name" : "operationSwitch[7]",
					"strict" : false
				},
				{
					"name" : "operationSwitch[8]",
					"strict" : false
				},
				{
					"name" : "operationSwitch[0]",
					"strict" : false
				},
				{
					"name" : "clk",
					"strict" : false
				},
				{
					"name" : "inputButton[0]",
					"strict" : false
				},
				{
					"name" : "inputButton[1]",
					"strict" : false
				},
				{
					"name" : "inputButton[2]",
					"strict" : false
				},
				{
					"name" : "inputButton[3]",
					"strict" : false
				}
			]
		}
	]
}